Workbook

Sheet Dashboard
A1: STATION ASSESSMENT DASHBOARD
A3: LHD Impacted Stations | Progress | WPI | Health & Safety | Action Category | J3: Live from editable Data sheet | N3: ✓ AUTO UPDATES
A5: 1. ASSESSMENT COMPLETION | J5: TABLE 1 — ASSESSMENT COMPLETION
A6: LHD IMPACTED | C6: COMPLETED | E6: IN PROGRESS | G6: COMPLETION RATE | J6: Assessment status | K6: Stations | L6: Percentage
A7: =Data!B5 -> 55 | C7: =Data!B6 -> 50 | E7: =Data!B7 -> 10 | G7: =IFERROR(Data!B6/Data!B5,0) -> 0.90909091 | J7: =Data!A5 -> LHD IMPACTED STATION | K7: 55 | L7: =Data!C5 -> 1
J8: =Data!A6 -> COMPLETED STATION | K8: =Data!B6 -> 50 | L8: =Data!C6 -> 0.90909091
J9: =Data!A7 -> INPROGRESS STATION | K9: =Data!B7 -> 10 | L9: =Data!C7 -> 0.18181818
J11: TABLE 2 — WPI
J12: WPI | K12: Data
J13: =Data!A11 -> Health and safety | K13: =Data!B11 -> 23
J14: =Data!A12 -> Customer experience | K14: =Data!B12 -> 150
J15: =Data!A13 -> Logistics | K15: =Data!B13 -> 16
J16: =Data!A14 -> Workplace organization | K16: =Data!B14 -> 66
J18: TABLE 3 — HEALTH & SAFETY
A19: 2. WPI | J19: Health and safety | K19: Data
J20: =Data!E5 -> Total | K20: =Data!F5 -> 23
J21: =Data!E6 -> In progress | K21: =Data!F6 -> 21
J22: =Data!E7 -> Closed | K22: =Data!F7 -> 2
J24: TABLE 4 — ACTION CATEGORY
J25: Action category | K25: Data
J26: =Data!H5 -> Facility | K26: =Data!I5 -> 10
J27: =Data!H6 -> Process | K27: =Data!I6 -> 11
J28: =Data!H7 -> Training | K28: =Data!I7 -> 1
A34: 3 & 4. HEALTH & SAFETY + ACTION CATEGORY (COMBINED VIEW)

Sheet Data
A1: EDITABLE SOURCE DATA — edit blue-font values
A3: Table 1 — Assessment Completion | E3: Table 3 — Health & Safety | H3: Table 4 — Action Category
A4: Assessment status | B4: Stations | C4: Percentage | E4: Health and safety | F4: Data | H4: Action category | I4: Data
A5: LHD IMPACTED STATION | B5: 55 | C5: =IFERROR(B5/$B$5,0) -> 1 | E5: Total | F5: 23 | H5: Facility | I5: 10
A6: COMPLETED STATION | B6: 50 | C6: =IFERROR(B6/$B$5,0) -> 0.90909091 | E6: In progress | F6: 21 | H6: Process | I6: 11
A7: INPROGRESS STATION | B7: 10 | C7: =IFERROR(B7/$B$5,0) -> 0.18181818 | E7: Closed | F7: 2 | H7: Training | I7: 1
A9: Table 2 — WPI
A10: WPI | B10: Data
A11: Health and safety | B11: 23
A12: Customer experience | B12: 150
A13: Logistics | B13: 16
A14: Workplace organization | B14: 66
A17: Dashboard charts and displayed tables use these values. Existing rows are linked to the dashboard.

Sheet Instructions
A1: HOW TO USE THIS DASHBOARD
A4: 1 | B4: Edit source values | C4: Open the Data sheet and edit blue-font numbers or labels.
A5: 2 | B5: Dashboard tables | C5: The four tables on the right are linked to the Data sheet with formulas.
A6: 3 | B6: Auto-updating charts | C6: Charts on the left are editable Excel charts and update when source values change.
A7: 4 | B7: Combined lower panel | C7: Health & Safety is a 2D column chart; Action Category is a horizontal 2D bar chart, side by side in one combined section.
A8: 5 | B8: Adding rows | C8: If you add categories, extend the chart's data range through Chart Design → Select Data.
